﻿{"cameraMode":{"drawMode":0,"name":"Shaded","section":"Shading Mode"},"sceneLighting":false,"audioPlay":false,"sceneViewState":{"showFog":true,"showMaterialUpdate":true,"showSkybox":true,"showFlares":true,"showImageEffects":true,"showParticleSystems":true},"in2DMode":false,"pivot":{"x":6.952742576599121,"y":-1.5451011657714844,"z":36.11604309082031},"rotation":{"x":-0.16568319499492646,"y":-0.0644475445151329,"z":0.010851758532226086,"w":-0.9840111136436462},"size":133.62725830078126,"orthographic":false}